,error_mensual,Mes
0,0.0018947085680764573,8
1,0.06330307617474569,9
2,0.040350207663661736,10
3,0.04045291176410253,11
4,0.11890113878666739,12
5,0.09838245642667258,1
6,0.08853946970038067,2
7,0.04106258992432899,3
8,0.036559883015262064,4
9,0.02476226107247902,5
10,0.10267659348516249,6
11,0.04555164109633067,7
